<?xml version="1.0" encoding="UTF-8"?>
<project-private xmlns="http://www.netbeans.org/ns/project-private/1">
    <editor-bookmarks xmlns="http://www.netbeans.org/ns/editor-bookmarks/2" lastBookmarkId="1">
        <file>
            <url>src/army2/server/User.java</url>
            <bookmark id="1">
                <name/>
                <line>497</line>
                <key/>
            </bookmark>
        </file>
    </editor-bookmarks>
    <open-files xmlns="http://www.netbeans.org/ns/projectui-open-files/2">
        <group>
            <file>file:/C:/Users/gauk0lkhum/Desktop/SerArmy2-tungoctrai/SerArmy2-tungoctrai/src/army2/server/User.java</file>
            <file>file:/C:/Users/gauk0lkhum/Desktop/SerArmy2-tungoctrai/SerArmy2-tungoctrai/src/army2/fight/BulletManager.java</file>
            <file>file:/C:/Users/gauk0lkhum/Desktop/SerArmy2-tungoctrai/SerArmy2-tungoctrai/src/army2/server/ClientEntry.java</file>
            <file>file:/C:/Users/gauk0lkhum/Desktop/SerArmy2-tungoctrai/SerArmy2-tungoctrai/src/army2/fight/Player.java</file>
            <file>file:/C:/Users/gauk0lkhum/Desktop/SerArmy2-tungoctrai/SerArmy2-tungoctrai/src/army2/fight/FightManager.java</file>
            <file>file:/C:/Users/gauk0lkhum/Desktop/SerArmy2-tungoctrai/SerArmy2-tungoctrai/src/army2/server/ServerManager.java</file>
            <file>file:/C:/Users/gauk0lkhum/Desktop/SerArmy2-tungoctrai/SerArmy2-tungoctrai/src/army2/server/ClanManager.java</file>
        </group>
    </open-files>
</project-private>
