<?xml version="1.0" encoding="UTF-8"?>
<project-private xmlns="http://www.netbeans.org/ns/project-private/1">
    <editor-bookmarks xmlns="http://www.netbeans.org/ns/editor-bookmarks/2" lastBookmarkId="0"/>
    <open-files xmlns="http://www.netbeans.org/ns/projectui-open-files/2">
        <group>
            <file>file:/F:/source83/src/army2/server/TopClan.java</file>
            <file>file:/F:/source83/src/army2/server/User.java</file>
            <file>file:/F:/source83/src/army2/server/BangXHManager.java</file>
            <file>file:/F:/source83/src/army2/server/ServerManager.java</file>
            <file>file:/F:/source83/src/army2/server/MessageHandler.java</file>
        </group>
    </open-files>
</project-private>
